,Length,Height,Woolly,Barks,Climbs on trees,Species
0,15,18.0,1,1,0,dog
1,20,24.0,1,0,0,dog
2,34,40.8,1,1,0,dog
3,26,31.2,1,1,0,dog
4,16,19.2,1,1,0,dog
5,26,31.2,1,0,0,dog
6,20,24.0,1,1,0,dog
7,23,27.6,1,1,0,dog
8,21,25.2,1,1,0,dog
9,28,33.6,1,1,0,dog
10,29,34.8,1,1,0,dog
11,34,40.8,1,1,0,dog
12,23,27.6,1,1,0,dog
13,24,28.8,1,1,0,dog
14,19,22.8,1,0,0,dog
15,28,33.6,1,1,0,dog
16,18,21.6,1,1,0,dog
17,16,19.2,1,0,0,dog
18,27,32.4,1,1,0,dog
19,26,31.2,1,1,0,dog
20,22,26.4,1,1,0,dog
21,30,36.0,1,1,0,dog
22,27,32.4,1,1,0,dog
23,33,39.6,1,1,0,dog
24,28,33.6,1,1,0,dog
25,23,27.6,1,1,0,dog
26,27,32.4,1,1,0,dog
27,25,30.0,1,1,0,dog
28,22,26.4,1,1,0,dog
29,29,34.8,1,1,0,dog
30,31,37.2,1,1,0,dog
31,23,27.6,1,1,0,dog
32,24,28.8,1,1,0,dog
33,16,19.2,1,1,0,dog
34,24,28.8,1,1,0,dog
35,26,31.2,1,1,0,dog
36,29,34.8,1,1,0,dog
37,19,22.8,1,1,0,dog
38,25,30.0,1,1,0,dog
39,29,34.8,1,0,0,dog
40,33,39.6,1,1,0,dog
41,19,22.8,1,1,0,dog
42,25,30.0,0,1,0,dog
43,23,27.6,1,1,0,dog
44,16,19.2,1,1,0,dog
45,22,26.4,1,1,0,dog
46,33,39.6,1,1,0,dog
47,27,32.4,1,1,0,dog
48,26,31.2,1,1,0,dog
49,26,31.2,1,1,0,dog
50,34,40.8,1,1,0,dog
51,25,30.0,1,1,0,dog
52,22,26.4,1,1,0,dog
53,18,21.6,1,1,0,dog
54,34,40.8,1,1,0,dog
55,17,20.4,1,0,0,dog
56,32,38.4,1,1,0,dog
57,31,37.2,1,1,0,dog
58,20,24.0,1,1,0,dog
59,30,36.0,1,1,0,dog
60,29,34.8,1,1,0,dog
61,19,22.8,1,1,0,dog
62,18,21.6,1,1,0,dog
63,16,19.2,1,1,0,dog
64,34,40.8,1,1,0,dog
65,28,33.6,1,1,0,dog
66,29,34.8,1,1,1,dog
67,31,37.2,1,1,0,dog
68,16,19.2,1,1,0,dog
69,24,28.8,1,1,0,dog
70,33,39.6,1,1,0,dog
71,20,24.0,1,1,0,dog
72,25,30.0,1,1,0,dog
73,28,33.6,1,1,0,dog
74,23,27.6,1,1,0,dog
75,17,20.4,1,1,0,dog
76,28,33.6,1,1,0,dog
77,22,26.4,1,1,0,dog
78,15,18.0,1,1,0,dog
79,16,19.2,1,1,0,dog
80,17,20.4,1,1,0,dog
81,19,22.8,1,1,0,dog
82,19,22.8,1,1,0,dog
83,28,33.6,1,1,0,dog
84,26,31.2,1,1,0,dog
85,18,21.6,1,1,0,dog
86,26,31.2,1,1,0,dog
87,21,25.2,1,1,0,dog
88,21,25.2,0,1,0,dog
89,33,39.6,1,0,0,dog
90,32,38.4,1,0,0,dog
91,19,22.8,1,1,0,dog
92,23,27.6,1,1,0,dog
93,17,20.4,1,1,0,dog
94,19,22.8,1,1,0,dog
95,16,19.2,1,1,0,dog
96,27,32.4,1,1,0,dog
97,17,20.4,1,1,0,dog
98,25,30.0,1,1,0,dog
99,23,27.6,1,1,0,dog
100,32,38.4,1,1,0,dog
101,25,30.0,1,1,0,dog
102,30,36.0,1,0,0,dog
103,34,40.8,1,1,0,dog
104,18,21.6,1,1,0,dog
105,32,38.4,1,1,0,dog
106,34,40.8,1,1,0,dog
107,29,34.8,1,1,1,dog
108,19,22.8,1,1,0,dog
109,24,28.8,1,1,0,dog
110,22,26.4,1,1,0,dog
111,24,28.8,1,1,0,dog
112,26,31.2,1,1,0,dog
113,33,39.6,1,1,0,dog
114,31,37.2,1,0,0,dog
115,16,19.2,1,1,0,dog
116,34,40.8,1,1,0,dog
117,27,32.4,1,1,0,dog
118,25,30.0,1,0,0,dog
119,24,28.8,1,1,0,dog
120,26,31.2,1,1,0,dog
121,25,30.0,1,1,0,dog
122,25,30.0,1,1,0,dog
123,30,36.0,1,1,0,dog
124,30,36.0,1,1,0,dog
125,31,37.2,1,1,0,dog
126,34,40.8,1,1,0,dog
127,21,25.2,1,1,0,dog
128,19,22.8,1,1,0,dog
129,28,33.6,1,1,0,dog
130,31,37.2,1,0,0,dog
131,22,26.4,1,1,0,dog
132,21,25.2,1,1,0,dog
133,25,30.0,1,1,0,dog
134,26,31.2,1,1,0,dog
135,15,18.0,1,0,0,dog
136,31,37.2,1,1,0,dog
137,32,38.4,1,1,0,dog
138,24,28.8,1,1,0,dog
139,23,27.6,1,1,0,dog
140,33,39.6,1,1,0,dog
141,25,30.0,1,1,0,dog
142,30,36.0,1,1,0,dog
143,24,28.8,1,1,0,dog
144,24,28.8,1,1,0,dog
145,21,25.2,1,0,0,dog
146,19,22.8,1,1,0,dog
147,20,24.0,1,1,0,dog
148,26,31.2,1,1,0,dog
149,22,26.4,1,1,0,dog
150,24,28.8,1,1,0,dog
151,26,31.2,1,1,0,dog
152,30,36.0,1,1,0,dog
153,18,21.6,1,0,0,dog
154,17,20.4,1,1,0,dog
155,20,24.0,1,0,0,dog
156,28,33.6,1,1,0,dog
157,23,27.6,1,1,0,dog
158,32,38.4,1,1,0,dog
159,34,40.8,1,1,0,dog
160,25,30.0,0,1,0,dog
161,16,19.2,1,1,0,dog
162,15,18.0,1,1,0,dog
163,26,31.2,1,1,0,dog
164,18,21.6,1,1,0,dog
165,33,39.6,1,1,0,dog
166,22,26.4,1,1,0,dog
167,31,37.2,1,1,0,dog
168,16,19.2,1,1,0,dog
169,28,33.6,1,1,0,dog
170,21,25.2,1,1,0,dog
171,15,18.0,1,1,0,dog
172,18,21.6,1,1,0,dog
173,23,27.6,1,1,0,dog
174,34,40.8,1,1,0,dog
175,21,25.2,1,1,0,dog
176,16,19.2,1,1,0,dog
177,33,39.6,1,0,0,dog
178,17,20.4,1,0,0,dog
179,26,31.2,1,1,0,dog
180,20,24.0,1,1,0,dog
181,33,39.6,1,1,0,dog
182,18,21.6,1,1,0,dog
183,16,19.2,1,1,0,dog
184,20,24.0,1,0,0,dog
185,25,30.0,1,0,0,dog
186,24,28.8,1,1,0,dog
187,34,40.8,1,1,0,dog
188,22,26.4,1,1,0,dog
189,30,36.0,1,1,0,dog
190,21,25.2,1,1,0,dog
191,30,36.0,1,1,0,dog
192,30,36.0,1,1,0,dog
193,33,39.6,1,1,0,dog
194,19,22.8,1,1,0,dog
195,26,31.2,1,1,0,dog
196,32,38.4,1,1,0,dog
197,18,21.6,1,0,0,dog
198,33,39.6,1,1,0,dog
199,33,39.6,1,1,0,dog
200,16,19.2,1,1,0,dog
201,28,33.6,1,1,0,dog
202,22,26.4,1,1,0,dog
203,22,26.4,1,1,0,dog
204,30,36.0,1,1,0,dog
205,22,26.4,1,1,0,dog
206,28,33.6,1,0,0,dog
207,24,28.8,1,1,0,dog
208,20,24.0,1,1,0,dog
209,22,26.4,1,1,0,dog
210,25,30.0,1,1,0,dog
211,18,21.6,1,0,0,dog
212,22,26.4,1,1,0,dog
213,29,34.8,1,1,0,dog
214,26,31.2,1,1,0,dog
215,29,34.8,1,1,0,dog
216,33,39.6,1,1,0,dog
217,25,30.0,1,1,0,dog
218,22,26.4,1,0,0,dog
219,28,33.6,1,1,0,dog
220,33,39.6,1,0,0,dog
221,27,32.4,1,1,0,dog
222,33,39.6,1,0,0,dog
223,33,39.6,1,1,0,dog
224,19,22.8,1,1,0,dog
225,29,34.8,1,1,0,dog
226,16,19.2,1,1,0,dog
227,25,30.0,1,1,0,dog
228,25,30.0,1,1,0,dog
229,29,34.8,1,1,0,dog
230,18,21.6,1,1,0,dog
231,24,28.8,1,1,0,dog
232,19,22.8,1,1,0,dog
233,31,37.2,1,1,0,dog
234,28,33.6,1,1,0,dog
235,16,19.2,1,1,0,dog
236,17,20.4,1,1,0,dog
237,15,18.0,1,1,0,dog
238,20,24.0,1,1,0,dog
239,17,20.4,1,0,0,dog
240,23,27.6,1,1,0,dog
241,23,27.6,1,1,0,dog
242,18,21.6,1,1,0,dog
243,17,20.4,1,1,0,dog
244,31,37.2,1,1,0,dog
245,31,37.2,1,1,0,dog
246,15,18.0,1,1,0,dog
247,16,19.2,1,1,0,dog
248,18,21.6,1,1,0,dog
249,19,22.8,1,0,0,dog
250,29,34.8,1,1,0,dog
251,17,20.4,1,0,0,dog
252,24,28.8,1,1,0,dog
253,16,19.2,1,1,0,dog
254,24,28.8,1,1,0,dog
255,26,31.2,1,1,0,dog
256,20,24.0,1,1,0,dog
257,19,22.8,1,1,0,dog
258,25,30.0,1,1,0,dog
259,30,36.0,1,1,0,dog
260,27,32.4,1,1,0,dog
261,17,20.4,1,0,0,dog
262,26,31.2,1,0,0,dog
263,22,26.4,1,1,0,dog
264,25,30.0,1,1,0,dog
265,27,32.4,0,1,0,dog
266,21,25.2,1,1,0,dog
267,25,30.0,1,1,0,dog
268,33,39.6,1,1,0,dog
269,20,24.0,1,1,0,dog
270,30,36.0,1,1,0,dog
271,28,33.6,1,1,0,dog
272,27,32.4,1,0,0,dog
273,32,38.4,1,1,0,dog
274,31,37.2,1,1,0,dog
275,16,19.2,0,1,0,dog
276,20,24.0,1,1,0,dog
277,18,21.6,1,1,0,dog
278,28,33.6,1,1,0,dog
279,28,33.6,1,1,0,dog
280,26,31.2,1,1,0,dog
281,33,39.6,1,1,0,dog
282,29,34.8,1,1,0,dog
283,18,21.6,1,1,0,dog
284,19,22.8,1,1,0,dog
285,31,37.2,1,1,0,dog
286,33,39.6,1,1,0,dog
287,30,36.0,1,1,0,dog
288,23,27.6,1,1,0,dog
289,28,33.6,1,1,0,dog
290,25,30.0,1,1,0,dog
291,15,18.0,1,1,0,dog
292,21,25.2,1,1,0,dog
293,28,33.6,1,1,0,dog
294,33,39.6,1,1,0,dog
295,26,31.2,1,1,0,dog
296,20,24.0,1,1,0,dog
297,20,24.0,1,1,0,dog
298,27,32.4,1,1,0,dog
299,30,36.0,1,1,0,dog
300,17,20.4,1,0,0,dog
301,34,40.8,1,1,0,dog
302,31,37.2,1,1,0,dog
303,29,34.8,1,1,0,dog
304,26,31.2,1,1,0,dog
305,32,38.4,1,1,0,dog
306,18,21.6,1,1,0,dog
307,20,24.0,1,1,0,dog
308,20,24.0,1,1,0,dog
309,27,32.4,1,1,0,dog
310,21,25.2,1,1,0,dog
311,34,40.8,1,1,0,dog
312,17,20.4,1,1,0,dog
313,33,39.6,1,1,0,dog
314,32,38.4,1,1,0,dog
315,29,34.8,1,1,0,dog
316,31,37.2,1,1,0,dog
317,22,26.4,1,1,0,dog
318,20,24.0,1,1,0,dog
319,16,19.2,1,1,0,dog
320,15,18.0,1,0,0,dog
321,31,37.2,1,1,0,dog
322,23,27.6,1,1,0,dog
323,29,34.8,1,1,0,dog
324,27,32.4,1,0,0,dog
325,24,28.8,1,1,0,dog
326,28,33.6,1,1,0,dog
327,26,31.2,1,1,0,dog
328,33,39.6,1,0,0,dog
329,34,40.8,1,1,0,dog
330,17,20.4,1,1,0,dog
331,21,25.2,1,1,0,dog
332,21,25.2,1,1,0,dog
333,18,21.6,1,1,0,dog
334,29,34.8,1,1,0,dog
335,26,31.2,1,1,0,dog
336,23,27.6,1,1,0,dog
337,19,22.8,1,0,0,dog
338,22,26.4,1,1,0,dog
339,24,28.8,1,1,0,dog
340,31,37.2,1,1,0,dog
341,24,28.8,1,1,0,dog
342,25,30.0,1,1,0,dog
343,29,34.8,1,1,0,dog
344,31,37.2,1,1,0,dog
345,29,34.8,1,1,0,dog
346,18,21.6,1,1,0,dog
347,17,20.4,1,1,0,dog
348,23,27.6,1,1,0,dog
349,15,18.0,1,1,0,dog
350,23,27.6,1,1,0,dog
351,31,37.2,1,1,0,dog
352,25,30.0,1,1,0,dog
353,18,21.6,1,1,0,dog
354,28,33.6,1,1,0,dog
355,32,38.4,1,1,0,dog
356,17,20.4,1,1,0,dog
357,33,39.6,1,1,0,dog
358,34,40.8,1,1,0,dog
359,34,40.8,1,1,0,dog
360,30,36.0,1,1,0,dog
361,22,26.4,1,1,0,dog
362,29,34.8,1,1,0,dog
363,31,37.2,1,1,0,dog
364,30,36.0,1,1,0,dog
365,34,40.8,1,1,0,dog
366,32,38.4,1,1,0,dog
367,23,27.6,1,1,0,dog
368,29,34.8,1,1,0,dog
369,26,31.2,1,1,0,dog
370,29,34.8,1,0,0,dog
371,23,27.6,1,0,0,dog
372,20,24.0,1,1,0,dog
373,15,18.0,1,1,0,dog
374,34,40.8,1,1,0,dog
375,16,19.2,1,1,0,dog
376,19,22.8,1,1,0,dog
377,25,30.0,1,1,0,dog
378,17,20.4,1,1,0,dog
379,33,39.6,1,1,0,dog
380,28,33.6,1,1,0,dog
381,22,26.4,1,1,0,dog
382,19,22.8,1,1,0,dog
383,28,33.6,1,1,0,dog
384,33,39.6,1,1,0,dog
385,27,32.4,1,1,0,dog
386,32,38.4,1,1,0,dog
387,34,40.8,1,1,0,dog
388,26,31.2,1,1,0,dog
389,32,38.4,1,0,0,dog
390,34,40.8,1,1,0,dog
391,31,37.2,1,1,0,dog
392,32,38.4,1,1,0,dog
393,27,32.4,1,1,0,dog
394,16,19.2,1,1,0,dog
395,17,20.4,1,1,0,dog
396,27,32.4,1,1,0,dog
397,21,25.2,1,1,1,dog
398,15,18.0,1,0,0,dog
399,18,21.6,1,1,1,dog
400,19,22.8,1,1,0,dog
401,16,19.2,1,1,0,dog
402,28,33.6,1,1,0,dog
403,33,39.6,1,0,0,dog
404,25,30.0,1,1,0,dog
405,22,26.4,1,1,0,dog
406,18,21.6,1,1,0,dog
407,25,30.0,1,1,0,dog
408,27,32.4,1,0,0,dog
409,19,22.8,1,1,0,dog
410,21,25.2,1,0,0,dog
411,20,24.0,1,1,0,dog
412,21,25.2,1,1,0,dog
413,32,38.4,1,1,0,dog
414,26,31.2,1,0,0,dog
415,26,31.2,1,1,0,dog
416,29,34.8,1,1,0,dog
417,21,25.2,1,1,0,dog
418,20,24.0,1,1,0,dog
419,31,37.2,1,1,0,dog
420,24,28.8,1,1,0,dog
421,22,26.4,1,1,0,dog
422,16,19.2,1,1,0,dog
423,26,31.2,1,0,0,dog
424,18,21.6,1,1,0,dog
425,30,36.0,1,1,0,dog
426,27,32.4,1,1,0,dog
427,24,28.8,1,1,0,dog
428,26,31.2,1,1,0,dog
429,34,40.8,1,1,0,dog
430,23,27.6,1,1,0,dog
431,31,37.2,1,1,0,dog
432,26,31.2,1,0,0,dog
433,21,25.2,1,1,0,dog
434,16,19.2,1,1,0,dog
435,16,19.2,1,1,0,dog
436,19,22.8,1,1,0,dog
437,27,32.4,1,1,0,dog
438,29,34.8,1,1,0,dog
439,32,38.4,1,1,0,dog
440,16,19.2,1,1,0,dog
441,27,32.4,1,1,0,dog
442,15,18.0,1,1,0,dog
443,31,37.2,1,0,0,dog
444,19,22.8,1,1,0,dog
445,20,24.0,1,1,0,dog
446,25,30.0,1,1,0,dog
447,24,28.8,1,1,0,dog
448,31,37.2,1,1,0,dog
449,27,32.4,1,1,0,dog
450,16,19.2,1,1,0,dog
451,27,32.4,1,1,0,dog
452,28,33.6,1,1,0,dog
453,32,38.4,1,1,0,dog
454,16,19.2,1,1,0,dog
455,17,20.4,1,1,0,dog
456,31,37.2,1,0,0,dog
457,28,33.6,1,1,0,dog
458,23,27.6,1,1,0,dog
459,30,36.0,1,1,0,dog
460,20,24.0,1,1,0,dog
461,25,30.0,1,1,0,dog
462,17,20.4,1,1,0,dog
463,30,36.0,1,1,0,dog
464,23,27.6,1,1,0,dog
465,24,28.8,1,1,0,dog
466,18,21.6,1,1,0,dog
467,20,24.0,1,0,0,dog
468,25,30.0,1,1,0,dog
469,20,24.0,1,1,0,dog
470,27,32.4,1,1,0,dog
471,25,30.0,1,1,0,dog
472,17,20.4,1,1,0,dog
473,18,21.6,1,1,0,dog
474,22,26.4,1,1,0,dog
475,26,31.2,1,1,0,dog
476,30,36.0,1,1,0,dog
477,32,38.4,1,1,0,dog
478,20,24.0,1,1,0,dog
479,24,28.8,1,1,0,dog
480,26,31.2,1,1,0,dog
481,17,20.4,1,1,0,dog
482,15,18.0,1,1,0,dog
483,23,27.6,1,1,0,dog
484,25,30.0,1,1,0,dog
485,25,30.0,1,1,0,dog
486,34,40.8,1,1,0,dog
487,31,37.2,1,1,0,dog
488,20,24.0,1,1,0,dog
489,25,30.0,1,1,0,dog
490,31,37.2,1,1,0,dog
491,30,36.0,1,1,0,dog
492,27,32.4,1,1,0,dog
493,30,36.0,1,1,0,dog
494,16,19.2,1,1,0,dog
495,34,40.8,1,0,0,dog
496,34,40.8,1,1,0,dog
497,20,24.0,1,1,0,dog
498,19,22.8,1,1,0,dog
499,26,31.2,1,1,0,dog
500,14,5.6000000000000005,1,0,1,cat
501,6,2.4000000000000004,1,0,1,cat
502,6,2.4000000000000004,1,0,1,cat
503,8,3.2,1,0,1,cat
504,6,2.4000000000000004,1,0,1,cat
505,14,5.6000000000000005,1,0,1,cat
506,9,3.6,1,0,1,cat
507,8,3.2,1,0,1,cat
508,13,5.2,1,0,1,cat
509,11,4.4,0,0,0,cat
510,6,2.4000000000000004,1,0,1,cat
511,11,4.4,1,0,1,cat
512,5,2.0,1,0,1,cat
513,8,3.2,0,0,1,cat
514,12,4.800000000000001,1,0,1,cat
515,11,4.4,1,0,1,cat
516,12,4.800000000000001,1,0,1,cat
517,6,2.4000000000000004,1,0,1,cat
518,14,5.6000000000000005,1,0,1,cat
519,14,5.6000000000000005,1,0,1,cat
520,8,3.2,1,0,1,cat
521,9,3.6,1,0,1,cat
522,9,3.6,1,0,1,cat
523,14,5.6000000000000005,1,0,1,cat
524,5,2.0,1,0,1,cat
525,8,3.2,1,0,0,cat
526,11,4.4,1,0,1,cat
527,9,3.6,1,0,1,cat
528,13,5.2,1,0,1,cat
529,13,5.2,1,0,1,cat
530,8,3.2,1,0,1,cat
531,10,4.0,1,0,1,cat
532,13,5.2,1,0,1,cat
533,9,3.6,1,0,1,cat
534,13,5.2,1,0,1,cat
535,9,3.6,1,1,1,cat
536,7,2.8000000000000003,1,0,1,cat
537,11,4.4,1,0,1,cat
538,5,2.0,1,0,1,cat
539,5,2.0,0,0,1,cat
540,11,4.4,1,0,1,cat
541,10,4.0,0,0,1,cat
542,7,2.8000000000000003,1,0,1,cat
543,11,4.4,1,0,1,cat
544,8,3.2,1,0,1,cat
545,10,4.0,1,0,1,cat
546,11,4.4,1,0,1,cat
547,7,2.8000000000000003,1,0,1,cat
548,14,5.6000000000000005,1,0,1,cat
549,5,2.0,1,0,1,cat
550,14,5.6000000000000005,0,0,1,cat
551,10,4.0,0,0,1,cat
552,7,2.8000000000000003,1,0,1,cat
553,12,4.800000000000001,0,0,1,cat
554,7,2.8000000000000003,1,0,1,cat
555,5,2.0,1,0,1,cat
556,12,4.800000000000001,1,0,1,cat
557,10,4.0,1,0,1,cat
558,9,3.6,1,0,1,cat
559,9,3.6,1,0,1,cat
560,5,2.0,1,0,1,cat
561,8,3.2,1,0,1,cat
562,6,2.4000000000000004,1,0,1,cat
563,9,3.6,1,0,1,cat
564,7,2.8000000000000003,1,0,1,cat
565,8,3.2,1,0,0,cat
566,5,2.0,1,0,1,cat
567,10,4.0,1,0,1,cat
568,13,5.2,1,0,1,cat
569,14,5.6000000000000005,1,0,1,cat
570,7,2.8000000000000003,1,0,1,cat
571,14,5.6000000000000005,1,1,1,cat
572,7,2.8000000000000003,1,0,1,cat
573,6,2.4000000000000004,1,0,1,cat
574,7,2.8000000000000003,1,0,1,cat
575,7,2.8000000000000003,1,0,1,cat
576,9,3.6,1,0,1,cat
577,12,4.800000000000001,1,0,1,cat
578,12,4.800000000000001,1,0,0,cat
579,13,5.2,1,0,1,cat
580,11,4.4,1,0,1,cat
581,11,4.4,1,0,1,cat
582,6,2.4000000000000004,0,0,1,cat
583,6,2.4000000000000004,1,1,1,cat
584,8,3.2,1,0,1,cat
585,10,4.0,1,0,1,cat
586,5,2.0,1,0,1,cat
587,5,2.0,1,0,1,cat
588,9,3.6,1,0,1,cat
589,13,5.2,1,0,1,cat
590,10,4.0,1,0,1,cat
591,5,2.0,1,0,1,cat
592,9,3.6,1,0,1,cat
593,9,3.6,1,0,1,cat
594,14,5.6000000000000005,1,1,1,cat
595,13,5.2,1,0,1,cat
596,12,4.800000000000001,1,0,1,cat
597,8,3.2,1,0,1,cat
598,8,3.2,1,0,1,cat
599,7,2.8000000000000003,1,0,1,cat
600,5,2.0,1,0,1,cat
601,9,3.6,1,0,1,cat
602,5,2.0,1,0,1,cat
603,14,5.6000000000000005,1,0,1,cat
604,10,4.0,1,0,1,cat
605,11,4.4,0,0,1,cat
606,11,4.4,1,0,1,cat
607,5,2.0,1,0,1,cat
608,10,4.0,1,0,1,cat
609,11,4.4,1,0,1,cat
610,10,4.0,1,0,1,cat
611,5,2.0,1,0,1,cat
612,13,5.2,1,0,1,cat
613,12,4.800000000000001,1,0,1,cat
614,9,3.6,0,0,1,cat
615,6,2.4000000000000004,1,0,1,cat
616,6,2.4000000000000004,1,0,1,cat
617,7,2.8000000000000003,1,0,1,cat
618,12,4.800000000000001,1,0,1,cat
619,14,5.6000000000000005,1,0,1,cat
620,12,4.800000000000001,1,0,0,cat
621,6,2.4000000000000004,1,0,1,cat
622,11,4.4,1,0,1,cat
623,14,5.6000000000000005,1,0,1,cat
624,14,5.6000000000000005,1,0,1,cat
625,5,2.0,1,0,1,cat
626,13,5.2,1,0,1,cat
627,8,3.2,1,0,1,cat
628,5,2.0,1,0,1,cat
629,9,3.6,1,0,1,cat
630,13,5.2,1,0,1,cat
631,14,5.6000000000000005,1,0,1,cat
632,8,3.2,1,0,1,cat
633,5,2.0,1,0,1,cat
634,13,5.2,0,0,1,cat
635,12,4.800000000000001,1,0,1,cat
636,11,4.4,1,0,1,cat
637,9,3.6,1,0,1,cat
638,11,4.4,1,0,0,cat
639,8,3.2,1,0,1,cat
640,12,4.800000000000001,1,0,1,cat
641,13,5.2,1,0,1,cat
642,8,3.2,1,0,1,cat
643,8,3.2,1,0,1,cat
644,12,4.800000000000001,1,0,1,cat
645,11,4.4,1,0,1,cat
646,10,4.0,1,0,1,cat
647,13,5.2,1,0,1,cat
648,14,5.6000000000000005,1,0,1,cat
649,9,3.6,1,0,1,cat
650,9,3.6,1,0,1,cat
651,13,5.2,1,0,1,cat
652,8,3.2,1,1,1,cat
653,5,2.0,1,0,1,cat
654,11,4.4,1,0,1,cat
655,12,4.800000000000001,1,0,1,cat
656,14,5.6000000000000005,1,0,1,cat
657,9,3.6,1,0,1,cat
658,10,4.0,1,0,1,cat
659,11,4.4,1,0,1,cat
660,11,4.4,1,0,1,cat
661,10,4.0,1,0,1,cat
662,12,4.800000000000001,1,0,1,cat
663,7,2.8000000000000003,1,0,1,cat
664,9,3.6,1,0,1,cat
665,12,4.800000000000001,1,0,1,cat
666,6,2.4000000000000004,1,0,1,cat
667,5,2.0,1,0,1,cat
668,13,5.2,1,0,1,cat
669,5,2.0,1,0,1,cat
670,6,2.4000000000000004,1,0,1,cat
671,13,5.2,1,0,1,cat
672,5,2.0,1,0,1,cat
673,12,4.800000000000001,1,0,1,cat
674,5,2.0,1,0,0,cat
675,12,4.800000000000001,1,0,1,cat
676,6,2.4000000000000004,1,0,1,cat
677,10,4.0,1,0,1,cat
678,12,4.800000000000001,1,0,1,cat
679,6,2.4000000000000004,1,0,1,cat
680,14,5.6000000000000005,1,0,1,cat
681,10,4.0,1,0,1,cat
682,9,3.6,1,0,1,cat
683,13,5.2,1,0,1,cat
684,7,2.8000000000000003,1,0,1,cat
685,11,4.4,1,0,1,cat
686,9,3.6,1,0,1,cat
687,5,2.0,1,0,1,cat
688,6,2.4000000000000004,1,0,1,cat
689,5,2.0,1,0,1,cat
690,7,2.8000000000000003,1,0,1,cat
691,5,2.0,1,0,1,cat
692,5,2.0,1,0,1,cat
693,5,2.0,1,0,1,cat
694,14,5.6000000000000005,1,0,1,cat
695,9,3.6,1,0,1,cat
696,13,5.2,1,0,1,cat
697,13,5.2,1,0,1,cat
698,8,3.2,1,1,1,cat
699,7,2.8000000000000003,1,0,1,cat
700,8,3.2,1,0,1,cat
701,11,4.4,1,0,1,cat
702,10,4.0,1,0,1,cat
703,13,5.2,1,0,1,cat
704,14,5.6000000000000005,1,0,1,cat
705,9,3.6,1,0,1,cat
706,5,2.0,1,0,0,cat
707,10,4.0,1,0,1,cat
708,9,3.6,1,0,1,cat
709,10,4.0,1,0,1,cat
710,11,4.4,1,1,1,cat
711,7,2.8000000000000003,1,0,1,cat
712,14,5.6000000000000005,1,0,1,cat
713,12,4.800000000000001,1,0,1,cat
714,7,2.8000000000000003,1,0,1,cat
715,9,3.6,1,0,1,cat
716,9,3.6,1,0,1,cat
717,14,5.6000000000000005,0,0,1,cat
718,5,2.0,1,0,1,cat
719,6,2.4000000000000004,0,0,1,cat
720,8,3.2,1,0,1,cat
721,7,2.8000000000000003,1,0,1,cat
722,5,2.0,1,1,0,cat
723,11,4.4,1,0,1,cat
724,7,2.8000000000000003,1,0,1,cat
725,12,4.800000000000001,1,0,1,cat
726,6,2.4000000000000004,1,0,1,cat
727,6,2.4000000000000004,1,0,1,cat
728,12,4.800000000000001,1,0,1,cat
729,10,4.0,1,0,1,cat
730,12,4.800000000000001,0,0,1,cat
731,8,3.2,1,0,1,cat
732,7,2.8000000000000003,1,0,1,cat
733,9,3.6,1,0,1,cat
734,11,4.4,0,0,1,cat
735,6,2.4000000000000004,1,0,1,cat
736,8,3.2,1,0,1,cat
737,11,4.4,1,0,0,cat
738,13,5.2,1,0,1,cat
739,8,3.2,1,0,1,cat
740,12,4.800000000000001,1,0,1,cat
741,10,4.0,1,0,1,cat
742,10,4.0,1,0,1,cat
743,14,5.6000000000000005,1,0,1,cat
744,9,3.6,1,0,1,cat
745,14,5.6000000000000005,1,0,1,cat
746,13,5.2,1,0,1,cat
747,7,2.8000000000000003,1,0,1,cat
748,10,4.0,1,0,1,cat
749,6,2.4000000000000004,1,0,1,cat
750,9,3.6,1,0,1,cat
751,7,2.8000000000000003,1,0,1,cat
752,12,4.800000000000001,1,0,1,cat
753,12,4.800000000000001,1,0,1,cat
754,11,4.4,1,0,1,cat
755,9,3.6,1,1,1,cat
756,9,3.6,1,0,1,cat
757,5,2.0,1,0,1,cat
758,9,3.6,1,0,1,cat
759,5,2.0,1,0,1,cat
760,8,3.2,1,0,1,cat
761,7,2.8000000000000003,1,0,1,cat
762,14,5.6000000000000005,1,0,1,cat
763,9,3.6,0,0,1,cat
764,11,4.4,1,0,1,cat
765,5,2.0,1,0,1,cat
766,5,2.0,1,0,1,cat
767,11,4.4,1,0,1,cat
768,14,5.6000000000000005,1,0,1,cat
769,11,4.4,1,0,1,cat
770,6,2.4000000000000004,1,0,0,cat
771,13,5.2,1,0,1,cat
772,14,5.6000000000000005,0,0,1,cat
773,12,4.800000000000001,1,0,1,cat
774,9,3.6,1,0,1,cat
775,10,4.0,1,0,1,cat
776,11,4.4,1,0,1,cat
777,9,3.6,1,0,1,cat
778,10,4.0,1,0,1,cat
779,14,5.6000000000000005,1,1,1,cat
780,5,2.0,1,0,1,cat
781,11,4.4,1,0,1,cat
782,7,2.8000000000000003,1,0,1,cat
783,6,2.4000000000000004,1,0,1,cat
784,8,3.2,1,0,1,cat
785,13,5.2,1,0,1,cat
786,12,4.800000000000001,1,0,1,cat
787,10,4.0,1,0,1,cat
788,7,2.8000000000000003,1,0,1,cat
789,14,5.6000000000000005,1,0,1,cat
790,7,2.8000000000000003,1,0,1,cat
791,10,4.0,1,0,1,cat
792,5,2.0,1,0,1,cat
793,11,4.4,1,0,1,cat
794,8,3.2,1,0,1,cat
795,12,4.800000000000001,1,0,1,cat
796,8,3.2,1,1,1,cat
797,7,2.8000000000000003,1,0,1,cat
798,10,4.0,1,0,1,cat
799,12,4.800000000000001,1,0,1,cat
800,11,4.4,1,0,1,cat
801,5,2.0,1,0,1,cat
802,11,4.4,1,0,1,cat
803,6,2.4000000000000004,1,0,1,cat
804,9,3.6,1,0,1,cat
805,7,2.8000000000000003,0,0,1,cat
806,7,2.8000000000000003,1,0,1,cat
807,13,5.2,1,0,1,cat
808,13,5.2,0,0,1,cat
809,13,5.2,1,0,1,cat
810,6,2.4000000000000004,1,0,1,cat
811,10,4.0,1,0,1,cat
812,5,2.0,1,0,1,cat
813,7,2.8000000000000003,1,0,1,cat
814,10,4.0,1,0,1,cat
815,8,3.2,1,0,1,cat
816,13,5.2,1,0,1,cat
817,14,5.6000000000000005,1,0,1,cat
818,8,3.2,1,0,1,cat
819,14,5.6000000000000005,1,0,1,cat
820,7,2.8000000000000003,1,0,1,cat
821,12,4.800000000000001,1,0,1,cat
822,7,2.8000000000000003,1,0,1,cat
823,5,2.0,1,0,1,cat
824,8,3.2,1,0,1,cat
825,11,4.4,1,0,1,cat
826,13,5.2,1,0,1,cat
827,9,3.6,1,0,1,cat
828,8,3.2,1,0,1,cat
829,8,3.2,1,0,1,cat
830,6,2.4000000000000004,1,0,1,cat
831,9,3.6,1,0,1,cat
832,8,3.2,1,0,1,cat
833,10,4.0,1,0,0,cat
834,8,3.2,1,0,1,cat
835,9,3.6,1,0,1,cat
836,6,2.4000000000000004,1,1,1,cat
837,10,4.0,1,0,1,cat
838,6,2.4000000000000004,1,0,1,cat
839,5,2.0,1,0,1,cat
840,14,5.6000000000000005,1,0,1,cat
841,5,2.0,1,0,1,cat
842,12,4.800000000000001,1,0,1,cat
843,11,4.4,1,0,0,cat
844,9,3.6,1,0,1,cat
845,11,4.4,1,0,1,cat
846,11,4.4,1,0,1,cat
847,9,3.6,1,0,1,cat
848,13,5.2,1,0,1,cat
849,6,2.4000000000000004,1,1,1,cat
850,10,4.0,1,0,1,cat
851,12,4.800000000000001,1,0,1,cat
852,5,2.0,1,0,1,cat
853,5,2.0,1,0,1,cat
854,10,4.0,1,0,1,cat
855,5,2.0,1,0,1,cat
856,7,2.8000000000000003,1,0,1,cat
857,5,2.0,0,0,1,cat
858,12,4.800000000000001,1,0,1,cat
859,5,2.0,0,0,1,cat
860,11,4.4,1,0,1,cat
861,9,3.6,1,0,1,cat
862,7,2.8000000000000003,1,0,1,cat
863,13,5.2,1,0,0,cat
864,5,2.0,1,0,1,cat
865,13,5.2,1,0,1,cat
866,9,3.6,1,0,1,cat
867,11,4.4,1,0,1,cat
868,6,2.4000000000000004,1,0,1,cat
869,9,3.6,1,0,1,cat
870,8,3.2,1,0,1,cat
871,12,4.800000000000001,1,0,1,cat
872,10,4.0,1,0,1,cat
873,8,3.2,1,0,1,cat
874,8,3.2,1,0,1,cat
875,9,3.6,1,0,1,cat
876,10,4.0,1,0,1,cat
877,9,3.6,1,0,1,cat
878,14,5.6000000000000005,1,0,1,cat
879,7,2.8000000000000003,1,0,1,cat
880,13,5.2,0,0,1,cat
881,6,2.4000000000000004,1,0,1,cat
882,7,2.8000000000000003,1,0,1,cat
883,10,4.0,1,0,1,cat
884,11,4.4,1,0,1,cat
885,12,4.800000000000001,1,0,1,cat
886,5,2.0,0,0,1,cat
887,11,4.4,1,0,1,cat
888,12,4.800000000000001,1,1,1,cat
889,9,3.6,1,0,1,cat
890,5,2.0,1,0,1,cat
891,11,4.4,0,0,1,cat
892,8,3.2,1,0,1,cat
893,7,2.8000000000000003,1,1,1,cat
894,5,2.0,1,0,1,cat
895,12,4.800000000000001,1,0,1,cat
896,8,3.2,1,0,1,cat
897,13,5.2,1,0,1,cat
898,6,2.4000000000000004,1,0,1,cat
899,11,4.4,1,0,1,cat
900,9,3.6,1,0,1,cat
901,12,4.800000000000001,1,0,1,cat
902,12,4.800000000000001,1,0,1,cat
903,6,2.4000000000000004,0,0,1,cat
904,6,2.4000000000000004,1,0,1,cat
905,7,2.8000000000000003,1,0,1,cat
906,10,4.0,1,0,1,cat
907,10,4.0,1,0,1,cat
908,5,2.0,1,0,1,cat
909,9,3.6,1,0,1,cat
910,12,4.800000000000001,1,0,1,cat
911,14,5.6000000000000005,1,0,1,cat
912,5,2.0,1,0,1,cat
913,8,3.2,0,0,1,cat
914,13,5.2,1,0,1,cat
915,9,3.6,1,0,1,cat
916,11,4.4,1,0,1,cat
917,9,3.6,1,0,1,cat
918,8,3.2,1,0,1,cat
919,8,3.2,1,0,1,cat
920,9,3.6,1,0,0,cat
921,8,3.2,1,0,1,cat
922,14,5.6000000000000005,1,0,1,cat
923,8,3.2,1,0,1,cat
924,11,4.4,1,0,0,cat
925,5,2.0,1,0,1,cat
926,6,2.4000000000000004,1,0,1,cat
927,9,3.6,0,0,1,cat
928,8,3.2,1,0,1,cat
929,12,4.800000000000001,1,0,1,cat
930,13,5.2,1,0,1,cat
931,14,5.6000000000000005,0,0,1,cat
932,14,5.6000000000000005,1,0,1,cat
933,11,4.4,1,0,0,cat
934,8,3.2,1,0,1,cat
935,8,3.2,1,0,1,cat
936,10,4.0,1,0,1,cat
937,6,2.4000000000000004,1,0,1,cat
938,10,4.0,1,0,1,cat
939,9,3.6,1,0,0,cat
940,7,2.8000000000000003,1,0,1,cat
941,12,4.800000000000001,1,0,1,cat
942,12,4.800000000000001,1,0,1,cat
943,11,4.4,1,0,0,cat
944,8,3.2,1,0,1,cat
945,5,2.0,1,0,1,cat
946,6,2.4000000000000004,0,0,1,cat
947,12,4.800000000000001,1,0,1,cat
948,9,3.6,1,0,1,cat
949,5,2.0,1,0,1,cat
950,8,3.2,1,0,1,cat
951,10,4.0,1,0,1,cat
952,5,2.0,1,0,1,cat
953,12,4.800000000000001,1,0,1,cat
954,6,2.4000000000000004,1,0,0,cat
955,7,2.8000000000000003,1,0,1,cat
956,13,5.2,1,0,1,cat
957,6,2.4000000000000004,0,0,1,cat
958,9,3.6,1,0,1,cat
959,14,5.6000000000000005,1,0,1,cat
960,11,4.4,1,0,1,cat
961,7,2.8000000000000003,1,0,1,cat
962,10,4.0,1,0,1,cat
963,6,2.4000000000000004,1,0,1,cat
964,8,3.2,1,0,1,cat
965,6,2.4000000000000004,1,0,1,cat
966,7,2.8000000000000003,1,0,1,cat
967,5,2.0,1,0,1,cat
968,13,5.2,1,0,1,cat
969,8,3.2,1,0,1,cat
970,10,4.0,1,0,1,cat
971,6,2.4000000000000004,1,0,1,cat
972,7,2.8000000000000003,1,0,1,cat
973,5,2.0,1,0,1,cat
974,13,5.2,1,0,1,cat
975,11,4.4,1,0,1,cat
976,9,3.6,1,0,1,cat
977,6,2.4000000000000004,1,0,1,cat
978,8,3.2,1,0,1,cat
979,6,2.4000000000000004,1,0,1,cat
980,14,5.6000000000000005,1,0,1,cat
981,11,4.4,1,0,1,cat
982,14,5.6000000000000005,1,0,1,cat
983,7,2.8000000000000003,1,0,1,cat
984,11,4.4,1,0,1,cat
985,7,2.8000000000000003,0,0,1,cat
986,11,4.4,1,0,1,cat
987,13,5.2,1,0,1,cat
988,8,3.2,1,0,1,cat
989,9,3.6,1,0,1,cat
990,9,3.6,1,0,1,cat
991,9,3.6,1,0,1,cat
992,6,2.4000000000000004,1,0,1,cat
993,9,3.6,1,1,1,cat
994,11,4.4,1,0,1,cat
995,8,3.2,1,0,1,cat
996,7,2.8000000000000003,1,0,1,cat
997,6,2.4000000000000004,1,0,1,cat
998,7,2.8000000000000003,1,0,1,cat
999,11,4.4,1,0,1,cat
